disease,aliases,category,description,common_symptoms,total_known_symptoms,general_precautions,risk_factors,when_to_seek_professional_care,similar_diseases,source,verification_date
(vertigo) Paroymsal  Positional Vertigo,,Neurological (ENT),Benign paroxysmal positional vertigo (BPPV) is one of the most common causes of vertigo — the sudden sensation that you're spinning or that the inside of your head is spinning. Benign paroxysmal positional vertigo causes brief episodes of mild to intense dizziness.,"Headache, Loss Of Balance, Nausea, Spinning Movements, Unsteadiness, Vomiting",6,lie down; avoid sudden change in body; avoid abrupt head movment; relax,Not available as structured data in the current dataset (Future Scope: integrate epidemiological risk-factor dataset).,"Seek professional medical evaluation if symptoms are severe, persistent (beyond a few days), rapidly worsening, or accompanied by any red-flag symptom (e.g. severe breathing difficulty, chest pain, confusion, uncontrolled bleeding). This guidance is general and not a substitute for professional diagnosis.",Malaria (27%); Paralysis (brain hemorrhage) (25%); Hypertension (22%),Kaggle Disease-Symptom Prediction public dataset (symptom_Description.csv / symptom_precaution.csv),2026-09-10
AIDS,,Infectious Disease,"Acquired immunodeficiency syndrome (AIDS) is a chronic, potentially life-threatening condition caused by the human immunodeficiency virus (HIV). By damaging your immune system, HIV interferes with your body's ability to fight infection and disease.","Extra Marital Contacts, High Fever, Muscle Wasting, Patches In Throat",4,avoid open cuts; wear ppe if possible; consult doctor; follow up,Not available as structured data in the current dataset (Future Scope: integrate epidemiological risk-factor dataset).,"Seek professional medical evaluation if symptoms are severe, persistent (beyond a few days), rapidly worsening, or accompanied by any red-flag symptom (e.g. severe breathing difficulty, chest pain, confusion, uncontrolled bleeding). This guidance is general and not a substitute for professional diagnosis.",Impetigo (12%); Bronchial Asthma (11%); Jaundice (9%),Kaggle Disease-Symptom Prediction public dataset (symptom_Description.csv / symptom_precaution.csv),2026-09-10
Acne,,Dermatological,"Acne vulgaris is the formation of comedones, papules, pustules, nodules, and/or cysts as a result of obstruction and inflammation of pilosebaceous units (hair follicles and their accompanying sebaceous gland). Acne develops on the face and upper trunk. It most often affects adolescents.","Blackheads, Pus Filled Pimples, Scurring, Skin Rash",4,bath twice; avoid fatty spicy food; drink plenty of water; avoid too many products,Not available as structured data in the current dataset (Future Scope: integrate epidemiological risk-factor dataset).,"Seek professional medical evaluation if symptoms are severe, persistent (beyond a few days), rapidly worsening, or accompanied by any red-flag symptom (e.g. severe breathing difficulty, chest pain, confusion, uncontrolled bleeding). This guidance is general and not a substitute for professional diagnosis.",Fungal infection (14%); Drug Reaction (12%); Impetigo (12%),Kaggle Disease-Symptom Prediction public dataset (symptom_Description.csv / symptom_precaution.csv),2026-09-10
Alcoholic hepatitis,,Hepatobiliary,"Alcoholic hepatitis is a diseased, inflammatory condition of the liver caused by heavy alcohol consumption over an extended period of time. It's also aggravated by binge drinking and ongoing alcohol use. If you develop this condition, you must stop drinking alcohol","Abdominal Pain, Distention Of Abdomen, Fluid Overload, History Of Alcohol Consumption, Swelling Of Stomach, Vomiting, Yellowish Skin",7,stop alcohol consumption; consult doctor; medication; follow up,Not available as structured data in the current dataset (Future Scope: integrate epidemiological risk-factor dataset).,"Seek professional medical evaluation if symptoms are severe, persistent (beyond a few days), rapidly worsening, or accompanied by any red-flag symptom (e.g. severe breathing difficulty, chest pain, confusion, uncontrolled bleeding). This guidance is general and not a substitute for professional diagnosis.",Chronic cholestasis (27%); Jaundice (25%); Hepatitis D (23%),Kaggle Disease-Symptom Prediction public dataset (symptom_Description.csv / symptom_precaution.csv),2026-09-10
Allergy,,Immunological,"An allergy is an immune system response to a foreign substance that's not typically harmful to your body.They can include certain foods, pollen, or pet dander. Your immune system's job is to keep you healthy by fighting harmful pathogens.","Chills, Continuous Sneezing, Shivering, Watering From Eyes",4,apply calamine; cover area with bandage; use ice to compress itching,Not available as structured data in the current dataset (Future Scope: integrate epidemiological risk-factor dataset).,"Seek professional medical evaluation if symptoms are severe, persistent (beyond a few days), rapidly worsening, or accompanied by any red-flag symptom (e.g. severe breathing difficulty, chest pain, confusion, uncontrolled bleeding). This guidance is general and not a substitute for professional diagnosis.",Common Cold (10%); Malaria (9%); Pneumonia (7%),Kaggle Disease-Symptom Prediction public dataset (symptom_Description.csv / symptom_precaution.csv),2026-09-10
Arthritis,,Musculoskeletal,"Arthritis is the swelling and tenderness of one or more of your joints. The main symptoms of arthritis are joint pain and stiffness, which typically worsen with age. The most common types of arthritis are osteoarthritis and rheumatoid arthritis.","Movement Stiffness, Muscle Weakness, Painful Walking, Stiff Neck, Swelling Joints",5,exercise; use hot and cold therapy; try acupuncture; massage,Not available as structured data in the current dataset (Future Scope: integrate epidemiological risk-factor dataset).,"Seek professional medical evaluation if symptoms are severe, persistent (beyond a few days), rapidly worsening, or accompanied by any red-flag symptom (e.g. severe breathing difficulty, chest pain, confusion, uncontrolled bleeding). This guidance is general and not a substitute for professional diagnosis.",Osteoarthristis (22%); Migraine (8%); Hyperthyroidism (7%),Kaggle Disease-Symptom Prediction public dataset (symptom_Description.csv / symptom_precaution.csv),2026-09-10
Bronchial Asthma,,Respiratory,"Bronchial asthma is a medical condition which causes the airway path of the lungs to swell and narrow. Due to this swelling, the air path produces excess mucus making it hard to breathe, which results in coughing, short breath, and wheezing. The disease is chronic and interferes with daily working.","Breathlessness, Cough, Family History, Fatigue, High Fever, Mucoid Sputum",6,switch to loose cloothing; take deep breaths; get away from trigger; seek help,Not available as structured data in the current dataset (Future Scope: integrate epidemiological risk-factor dataset).,"Seek professional medical evaluation if symptoms are severe, persistent (beyond a few days), rapidly worsening, or accompanied by any red-flag symptom (e.g. severe breathing difficulty, chest pain, confusion, uncontrolled bleeding). This guidance is general and not a substitute for professional diagnosis.",Pneumonia (31%); Tuberculosis (22%); Hepatitis C (20%),Kaggle Disease-Symptom Prediction public dataset (symptom_Description.csv / symptom_precaution.csv),2026-09-10
Cervical spondylosis,,Musculoskeletal,"Cervical spondylosis is a general term for age-related wear and tear affecting the spinal disks in your neck. As the disks dehydrate and shrink, signs of osteoarthritis develop, including bony projections along the edges of bones (bone spurs).","Back Pain, Dizziness, Loss Of Balance, Neck Pain, Weakness In Limbs",5,use heating pad or cold pack; exercise; take otc pain reliver; consult doctor,Not available as structured data in the current dataset (Future Scope: integrate epidemiological risk-factor dataset).,"Seek professional medical evaluation if symptoms are severe, persistent (beyond a few days), rapidly worsening, or accompanied by any red-flag symptom (e.g. severe breathing difficulty, chest pain, confusion, uncontrolled bleeding). This guidance is general and not a substitute for professional diagnosis.",Hypertension (25%); (vertigo) Paroymsal  Positional Vertigo (10%); Osteoarthristis (10%),Kaggle Disease-Symptom Prediction public dataset (symptom_Description.csv / symptom_precaution.csv),2026-09-10
Chicken pox,,Infectious Disease,"Chickenpox is a highly contagious disease caused by the varicella-zoster virus (VZV). It can cause an itchy, blister-like rash. The rash first appears on the chest, back, and face, and then spreads over the entire body, causing between 250 and 500 itchy blisters.","Fatigue, Headache, High Fever, Itching, Lethargy, Loss Of Appetite, Malaise, Mild Fever",11,use neem in bathing ; consume neem leaves; take vaccine; avoid public places,Not available as structured data in the current dataset (Future Scope: integrate epidemiological risk-factor dataset).,"Seek professional medical evaluation if symptoms are severe, persistent (beyond a few days), rapidly worsening, or accompanied by any red-flag symptom (e.g. severe breathing difficulty, chest pain, confusion, uncontrolled bleeding). This guidance is general and not a substitute for professional diagnosis.",Dengue (39%); Tuberculosis (29%); Hepatitis B (28%),Kaggle Disease-Symptom Prediction public dataset (symptom_Description.csv / symptom_precaution.csv),2026-09-10
Chronic cholestasis,,Hepatobiliary,"Chronic cholestatic diseases, whether occurring in infancy, childhood or adulthood, are characterized by defective bile acid transport from the liver to the intestine, which is caused by primary damage to the biliary epithelium in most cases","Abdominal Pain, Itching, Loss Of Appetite, Nausea, Vomiting, Yellowing Of Eyes, Yellowish Skin",7,cold baths; anti itch medicine; consult doctor; eat healthy,Not available as structured data in the current dataset (Future Scope: integrate epidemiological risk-factor dataset).,"Seek professional medical evaluation if symptoms are severe, persistent (beyond a few days), rapidly worsening, or accompanied by any red-flag symptom (e.g. severe breathing difficulty, chest pain, confusion, uncontrolled bleeding). This guidance is general and not a substitute for professional diagnosis.",Hepatitis D (60%); hepatitis A (50%); Hepatitis C (44%),Kaggle Disease-Symptom Prediction public dataset (symptom_Description.csv / symptom_precaution.csv),2026-09-10
Common Cold,,Respiratory,"The common cold is a viral infection of your nose and throat (upper respiratory tract). It's usually harmless, although it might not feel that way. Many types of viruses can cause a common cold.","Chest Pain, Chills, Congestion, Continuous Sneezing, Cough, Fatigue, Headache, High Fever",17,drink vitamin c rich drinks; take vapour; avoid cold food; keep fever in check,Not available as structured data in the current dataset (Future Scope: integrate epidemiological risk-factor dataset).,"Seek professional medical evaluation if symptoms are severe, persistent (beyond a few days), rapidly worsening, or accompanied by any red-flag symptom (e.g. severe breathing difficulty, chest pain, confusion, uncontrolled bleeding). This guidance is general and not a substitute for professional diagnosis.",Pneumonia (33%); Tuberculosis (32%); Dengue (24%),Kaggle Disease-Symptom Prediction public dataset (symptom_Description.csv / symptom_precaution.csv),2026-09-10
Dengue,,Infectious Disease,"an acute infectious disease caused by a flavivirus (species Dengue virus of the genus Flavivirus), transmitted by aedes mosquitoes, and characterized by headache, severe joint pain, and a rash. — called also breakbone fever, dengue fever.","Back Pain, Chills, Fatigue, Headache, High Fever, Joint Pain, Loss Of Appetite, Malaise",14,drink papaya leaf juice; avoid fatty spicy food; keep mosquitos away; keep hydrated,Not available as structured data in the current dataset (Future Scope: integrate epidemiological risk-factor dataset).,"Seek professional medical evaluation if symptoms are severe, persistent (beyond a few days), rapidly worsening, or accompanied by any red-flag symptom (e.g. severe breathing difficulty, chest pain, confusion, uncontrolled bleeding). This guidance is general and not a substitute for professional diagnosis.",Chicken pox (39%); Malaria (38%); Typhoid (32%),Kaggle Disease-Symptom Prediction public dataset (symptom_Description.csv / symptom_precaution.csv),2026-09-10
Diabetes,,Endocrine,"Diabetes is a disease that occurs when your blood glucose, also called blood sugar, is too high. Blood glucose is your main source of energy and comes from the food you eat. Insulin, a hormone made by the pancreas, helps glucose from food get into your cells to be used for energy.","Blurred And Distorted Vision, Excessive Hunger, Fatigue, Increased Appetite, Irregular Sugar Level, Lethargy, Obesity, Polyuria",10,have balanced diet; exercise; consult doctor; follow up,Not available as structured data in the current dataset (Future Scope: integrate epidemiological risk-factor dataset).,"Seek professional medical evaluation if symptoms are severe, persistent (beyond a few days), rapidly worsening, or accompanied by any red-flag symptom (e.g. severe breathing difficulty, chest pain, confusion, uncontrolled bleeding). This guidance is general and not a substitute for professional diagnosis.",Hyperthyroidism (24%); Hypoglycemia (16%); Varicose veins (13%),Kaggle Disease-Symptom Prediction public dataset (symptom_Description.csv / symptom_precaution.csv),2026-09-10
Dimorphic hemmorhoids(piles),,Gastrointestinal,Description not available in current source dataset (Future Scope: integrate a licensed medical reference API).,"Bloody Stool, Constipation, Irritation In Anus, Pain During Bowel Movements, Pain In Anal Region",5,avoid fatty spicy food; consume witch hazel; warm bath with epsom salt; consume alovera juice,Not available as structured data in the current dataset (Future Scope: integrate epidemiological risk-factor dataset).,"Seek professional medical evaluation if symptoms are severe, persistent (beyond a few days), rapidly worsening, or accompanied by any red-flag symptom (e.g. severe breathing difficulty, chest pain, confusion, uncontrolled bleeding). This guidance is general and not a substitute for professional diagnosis.",Typhoid (7%),Kaggle Disease-Symptom Prediction public dataset (symptom_Description.csv / symptom_precaution.csv),2026-09-10
Drug Reaction,,Immunological,An adverse drug reaction (ADR) is an injury caused by taking medication. ADRs may occur following a single dose or prolonged administration of a drug or result from the combination of two or more drugs.,"Burning Micturition, Itching, Skin Rash, Spotting Urination, Stomach Pain",5,stop irritation; consult nearest hospital; stop taking drug; follow up,Not available as structured data in the current dataset (Future Scope: integrate epidemiological risk-factor dataset).,"Seek professional medical evaluation if symptoms are severe, persistent (beyond a few days), rapidly worsening, or accompanied by any red-flag symptom (e.g. severe breathing difficulty, chest pain, confusion, uncontrolled bleeding). This guidance is general and not a substitute for professional diagnosis.",Fungal infection (29%); Chicken pox (14%); Acne (12%),Kaggle Disease-Symptom Prediction public dataset (symptom_Description.csv / symptom_precaution.csv),2026-09-10
Fungal infection,,Dermatological,"In humans, fungal infections occur when an invading fungus takes over an area of the body and is too much for the immune system to handle. Fungi can live in the air, soil, water, and plants. There are also some fungi that live naturally in the human body. Like many microbes, there are helpful fungi and harmful fungi.","Dischromic Patches, Itching, Nodal Skin Eruptions, Skin Rash",4,bath twice; use detol or neem in bathing water; keep infected area dry; use clean cloths,Not available as structured data in the current dataset (Future Scope: integrate epidemiological risk-factor dataset).,"Seek professional medical evaluation if symptoms are severe, persistent (beyond a few days), rapidly worsening, or accompanied by any red-flag symptom (e.g. severe breathing difficulty, chest pain, confusion, uncontrolled bleeding). This guidance is general and not a substitute for professional diagnosis.",Drug Reaction (29%); Chicken pox (15%); Acne (14%),Kaggle Disease-Symptom Prediction public dataset (symptom_Description.csv / symptom_precaution.csv),2026-09-10
GERD,,Gastrointestinal,"Gastroesophageal reflux disease, or GERD, is a digestive disorder that affects the lower esophageal sphincter (LES), the ring of muscle between the esophagus and stomach. Many people, including pregnant women, suffer from heartburn or acid indigestion caused by GERD.","Acidity, Chest Pain, Cough, Stomach Pain, Ulcers On Tongue, Vomiting",6,avoid fatty spicy food; avoid lying down after eating; maintain healthy weight; exercise,Not available as structured data in the current dataset (Future Scope: integrate epidemiological risk-factor dataset).,"Seek professional medical evaluation if symptoms are severe, persistent (beyond a few days), rapidly worsening, or accompanied by any red-flag symptom (e.g. severe breathing difficulty, chest pain, confusion, uncontrolled bleeding). This guidance is general and not a substitute for professional diagnosis.",Heart attack (25%); Tuberculosis (16%); Pneumonia (13%),Kaggle Disease-Symptom Prediction public dataset (symptom_Description.csv / symptom_precaution.csv),2026-09-10
Gastroenteritis,,Gastrointestinal,"Gastroenteritis is an inflammation of the digestive tract, particularly the stomach, and large and small intestines. Viral and bacterial gastroenteritis are intestinal infections associated with symptoms of diarrhea , abdominal cramps, nausea , and vomiting .","Dehydration, Diarrhoea, Sunken Eyes, Vomiting",4,stop eating solid food for while; try taking small sips of water; rest; ease back into eating,Not available as structured data in the current dataset (Future Scope: integrate epidemiological risk-factor dataset).,"Seek professional medical evaluation if symptoms are severe, persistent (beyond a few days), rapidly worsening, or accompanied by any red-flag symptom (e.g. severe breathing difficulty, chest pain, confusion, uncontrolled bleeding). This guidance is general and not a substitute for professional diagnosis.",Malaria (20%); Typhoid (15%); hepatitis A (15%),Kaggle Disease-Symptom Prediction public dataset (symptom_Description.csv / symptom_precaution.csv),2026-09-10
Heart attack,,Cardiovascular,"The death of heart muscle due to the loss of blood supply. The loss of blood supply is usually caused by a complete blockage of a coronary artery, one of the arteries that supplies blood to the heart muscle.","Breathlessness, Chest Pain, Sweating, Vomiting",4,call ambulance; chew or swallow asprin; keep calm,Not available as structured data in the current dataset (Future Scope: integrate epidemiological risk-factor dataset).,"Seek professional medical evaluation if symptoms are severe, persistent (beyond a few days), rapidly worsening, or accompanied by any red-flag symptom (e.g. severe breathing difficulty, chest pain, confusion, uncontrolled bleeding). This guidance is general and not a substitute for professional diagnosis.",GERD (25%); Pneumonia (25%); Tuberculosis (25%),Kaggle Disease-Symptom Prediction public dataset (symptom_Description.csv / symptom_precaution.csv),2026-09-10
Hepatitis B,,Hepatobiliary,"Hepatitis B is an infection of your liver. It can cause scarring of the organ, liver failure, and cancer. It can be fatal if it isn't treated. It's spread when people come in contact with the blood, open sores, or body fluids of someone who has the hepatitis B virus.","Abdominal Pain, Dark Urine, Fatigue, Itching, Lethargy, Loss Of Appetite, Malaise, Receiving Blood Transfusion",12,consult nearest hospital; vaccination; eat healthy; medication,Not available as structured data in the current dataset (Future Scope: integrate epidemiological risk-factor dataset).,"Seek professional medical evaluation if symptoms are severe, persistent (beyond a few days), rapidly worsening, or accompanied by any red-flag symptom (e.g. severe breathing difficulty, chest pain, confusion, uncontrolled bleeding). This guidance is general and not a substitute for professional diagnosis.",Hepatitis D (40%); Chronic cholestasis (36%); Jaundice (33%),Kaggle Disease-Symptom Prediction public dataset (symptom_Description.csv / symptom_precaution.csv),2026-09-10
Hepatitis C,,Hepatobiliary,"Inflammation of the liver due to the hepatitis C virus (HCV), which is usually spread via blood transfusion (rare), hemodialysis, and needle sticks. The damage hepatitis C does to the liver can lead to cirrhosis and its complications as well as cancer.","Family History, Fatigue, Loss Of Appetite, Nausea, Yellowing Of Eyes, Yellowish Skin",6,Consult nearest hospital; vaccination; eat healthy; medication,Not available as structured data in the current dataset (Future Scope: integrate epidemiological risk-factor dataset).,"Seek professional medical evaluation if symptoms are severe, persistent (beyond a few days), rapidly worsening, or accompanied by any red-flag symptom (e.g. severe breathing difficulty, chest pain, confusion, uncontrolled bleeding). This guidance is general and not a substitute for professional diagnosis.",Hepatitis D (50%); Chronic cholestasis (44%); Hepatitis E (36%),Kaggle Disease-Symptom Prediction public dataset (symptom_Description.csv / symptom_precaution.csv),2026-09-10
Hepatitis D,,Hepatobiliary,"Hepatitis D, also known as the hepatitis delta virus, is an infection that causes the liver to become inflamed. This swelling can impair liver function and cause long-term liver problems, including liver scarring and cancer. The condition is caused by the hepatitis D virus (HDV).","Abdominal Pain, Dark Urine, Fatigue, Joint Pain, Loss Of Appetite, Nausea, Vomiting, Yellowing Of Eyes",9,consult doctor; medication; eat healthy; follow up,Not available as structured data in the current dataset (Future Scope: integrate epidemiological risk-factor dataset).,"Seek professional medical evaluation if symptoms are severe, persistent (beyond a few days), rapidly worsening, or accompanied by any red-flag symptom (e.g. severe breathing difficulty, chest pain, confusion, uncontrolled bleeding). This guidance is general and not a substitute for professional diagnosis.",Hepatitis E (69%); hepatitis A (67%); Chronic cholestasis (60%),Kaggle Disease-Symptom Prediction public dataset (symptom_Description.csv / symptom_precaution.csv),2026-09-10
Hepatitis E,,Hepatobiliary,A rare form of liver inflammation caused by infection with the hepatitis E virus (HEV). It is transmitted via food or drink handled by an infected person or through infected water supplies in areas where fecal matter may get into the water. Hepatitis E does not cause chronic liver disease.,"Abdominal Pain, Acute Liver Failure, Coma, Dark Urine, Fatigue, High Fever, Joint Pain, Loss Of Appetite",13,stop alcohol consumption; rest; consult doctor; medication,Not available as structured data in the current dataset (Future Scope: integrate epidemiological risk-factor dataset).,"Seek professional medical evaluation if symptoms are severe, persistent (beyond a few days), rapidly worsening, or accompanied by any red-flag symptom (e.g. severe breathing difficulty, chest pain, confusion, uncontrolled bleeding). This guidance is general and not a substitute for professional diagnosis.",Hepatitis D (69%); hepatitis A (50%); Chronic cholestasis (43%),Kaggle Disease-Symptom Prediction public dataset (symptom_Description.csv / symptom_precaution.csv),2026-09-10
Hypertension,,Cardiovascular,"Hypertension (HTN or HT), also known as high blood pressure (HBP), is a long-term medical condition in which the blood pressure in the arteries is persistently elevated. High blood pressure typically does not cause symptoms.","Chest Pain, Dizziness, Headache, Lack Of Concentration, Loss Of Balance",5,meditation; salt baths; reduce stress; get proper sleep,Not available as structured data in the current dataset (Future Scope: integrate epidemiological risk-factor dataset).,"Seek professional medical evaluation if symptoms are severe, persistent (beyond a few days), rapidly worsening, or accompanied by any red-flag symptom (e.g. severe breathing difficulty, chest pain, confusion, uncontrolled bleeding). This guidance is general and not a substitute for professional diagnosis.",Cervical spondylosis (25%); (vertigo) Paroymsal  Positional Vertigo (22%); Heart attack (12%),Kaggle Disease-Symptom Prediction public dataset (symptom_Description.csv / symptom_precaution.csv),2026-09-10
Hyperthyroidism,,Endocrine,"Hyperthyroidism (overactive thyroid) occurs when your thyroid gland produces too much of the hormone thyroxine. Hyperthyroidism can accelerate your body's metabolism, causing unintentional weight loss and a rapid or irregular heartbeat.","Abnormal Menstruation, Diarrhoea, Excessive Hunger, Fast Heart Rate, Fatigue, Irritability, Mood Swings, Muscle Weakness",11,eat healthy; massage; use lemon balm; take radioactive iodine treatment,Not available as structured data in the current dataset (Future Scope: integrate epidemiological risk-factor dataset).,"Seek professional medical evaluation if symptoms are severe, persistent (beyond a few days), rapidly worsening, or accompanied by any red-flag symptom (e.g. severe breathing difficulty, chest pain, confusion, uncontrolled bleeding). This guidance is general and not a substitute for professional diagnosis.",Diabetes (24%); Hypoglycemia (21%); Hypothyroidism (20%),Kaggle Disease-Symptom Prediction public dataset (symptom_Description.csv / symptom_precaution.csv),2026-09-10
Hypoglycemia,,Endocrine, Hypoglycemia is a condition in which your blood sugar (glucose) level is lower than normal. Glucose is your body's main energy source. Hypoglycemia is often related to diabetes treatment. But other drugs and a variety of conditions — many rare — can cause low blood sugar in people who don't have diabetes.,"Anxiety, Blurred And Distorted Vision, Drying And Tingling Lips, Excessive Hunger, Fatigue, Headache, Irritability, Nausea",12,lie down on side; check in pulse; drink sugary drinks; consult doctor,Not available as structured data in the current dataset (Future Scope: integrate epidemiological risk-factor dataset).,"Seek professional medical evaluation if symptoms are severe, persistent (beyond a few days), rapidly worsening, or accompanied by any red-flag symptom (e.g. severe breathing difficulty, chest pain, confusion, uncontrolled bleeding). This guidance is general and not a substitute for professional diagnosis.",Malaria (25%); Migraine (24%); Hyperthyroidism (21%),Kaggle Disease-Symptom Prediction public dataset (symptom_Description.csv / symptom_precaution.csv),2026-09-10
Hypothyroidism,,Endocrine,"Hypothyroidism, also called underactive thyroid or low thyroid, is a disorder of the endocrine system in which the thyroid gland does not produce enough thyroid hormone.","Abnormal Menstruation, Brittle Nails, Cold Hands And Feets, Depression, Dizziness, Enlarged Thyroid, Fatigue, Irritability",13,reduce stress; exercise; eat healthy; get proper sleep,Not available as structured data in the current dataset (Future Scope: integrate epidemiological risk-factor dataset).,"Seek professional medical evaluation if symptoms are severe, persistent (beyond a few days), rapidly worsening, or accompanied by any red-flag symptom (e.g. severe breathing difficulty, chest pain, confusion, uncontrolled bleeding). This guidance is general and not a substitute for professional diagnosis.",Hyperthyroidism (20%); Migraine (10%); Diabetes (10%),Kaggle Disease-Symptom Prediction public dataset (symptom_Description.csv / symptom_precaution.csv),2026-09-10
Impetigo,,Dermatological,"Impetigo (im-puh-TIE-go) is a common and highly contagious skin infection that mainly affects infants and children. Impetigo usually appears as red sores on the face, especially around a child's nose and mouth, and on hands and feet. The sores burst and develop honey-colored crusts.","Blister, High Fever, Red Sore Around Nose, Skin Rash, Yellow Crust Ooze",5,soak affected area in warm water; use antibiotics; remove scabs with wet compressed cloth; consult doctor,Not available as structured data in the current dataset (Future Scope: integrate epidemiological risk-factor dataset).,"Seek professional medical evaluation if symptoms are severe, persistent (beyond a few days), rapidly worsening, or accompanied by any red-flag symptom (e.g. severe breathing difficulty, chest pain, confusion, uncontrolled bleeding). This guidance is general and not a substitute for professional diagnosis.",Chicken pox (14%); AIDS (12%); Acne (12%),Kaggle Disease-Symptom Prediction public dataset (symptom_Description.csv / symptom_precaution.csv),2026-09-10
Jaundice,,Hepatobiliary,"Yellow staining of the skin and sclerae (the whites of the eyes) by abnormally high blood levels of the bile pigment bilirubin. The yellowing extends to other tissues and body fluids. Jaundice was once called the ""morbus regius"" (the regal disease) in the belief that only the touch of a king could cure it","Abdominal Pain, Dark Urine, Fatigue, High Fever, Itching, Vomiting, Weight Loss, Yellowish Skin",8,drink plenty of water; consume milk thistle; eat fruits and high fiberous food; medication,Not available as structured data in the current dataset (Future Scope: integrate epidemiological risk-factor dataset).,"Seek professional medical evaluation if symptoms are severe, persistent (beyond a few days), rapidly worsening, or accompanied by any red-flag symptom (e.g. severe breathing difficulty, chest pain, confusion, uncontrolled bleeding). This guidance is general and not a substitute for professional diagnosis.",Hepatitis D (42%); Hepatitis E (40%); Chronic cholestasis (36%),Kaggle Disease-Symptom Prediction public dataset (symptom_Description.csv / symptom_precaution.csv),2026-09-10
Malaria,,Infectious Disease,An infectious disease caused by protozoan parasites from the Plasmodium family that can be transmitted by the bite of the Anopheles mosquito or by a contaminated needle or transfusion. Falciparum malaria is the most deadly type.,"Chills, Diarrhoea, Headache, High Fever, Muscle Pain, Nausea, Sweating, Vomiting",8,Consult nearest hospital; avoid oily food; avoid non veg food; keep mosquitos out,Not available as structured data in the current dataset (Future Scope: integrate epidemiological risk-factor dataset).,"Seek professional medical evaluation if symptoms are severe, persistent (beyond a few days), rapidly worsening, or accompanied by any red-flag symptom (e.g. severe breathing difficulty, chest pain, confusion, uncontrolled bleeding). This guidance is general and not a substitute for professional diagnosis.",Typhoid (46%); Dengue (38%); (vertigo) Paroymsal  Positional Vertigo (27%),Kaggle Disease-Symptom Prediction public dataset (symptom_Description.csv / symptom_precaution.csv),2026-09-10
Migraine,,Neurological,"A migraine can cause severe throbbing pain or a pulsing sensation, usually on one side of the head. It's often accompanied by nausea, vomiting, and extreme sensitivity to light and sound. Migraine attacks can last for hours to days, and the pain can be so severe that it interferes with your daily activities.","Acidity, Blurred And Distorted Vision, Depression, Excessive Hunger, Headache, Indigestion, Irritability, Stiff Neck",9,meditation; reduce stress; use poloroid glasses in sun; consult doctor,Not available as structured data in the current dataset (Future Scope: integrate epidemiological risk-factor dataset).,"Seek professional medical evaluation if symptoms are severe, persistent (beyond a few days), rapidly worsening, or accompanied by any red-flag symptom (e.g. severe breathing difficulty, chest pain, confusion, uncontrolled bleeding). This guidance is general and not a substitute for professional diagnosis.",Hypoglycemia (24%); Diabetes (12%); Hyperthyroidism (11%),Kaggle Disease-Symptom Prediction public dataset (symptom_Description.csv / symptom_precaution.csv),2026-09-10
Osteoarthristis,,Musculoskeletal,"Osteoarthritis is the most common form of arthritis, affecting millions of people worldwide. It occurs when the protective cartilage that cushions the ends of your bones wears down over time.","Hip Joint Pain, Joint Pain, Knee Pain, Neck Pain, Painful Walking, Swelling Joints",6,acetaminophen; consult nearest hospital; follow up; salt baths,Not available as structured data in the current dataset (Future Scope: integrate epidemiological risk-factor dataset).,"Seek professional medical evaluation if symptoms are severe, persistent (beyond a few days), rapidly worsening, or accompanied by any red-flag symptom (e.g. severe breathing difficulty, chest pain, confusion, uncontrolled bleeding). This guidance is general and not a substitute for professional diagnosis.",Arthritis (22%); Cervical spondylosis (10%); Psoriasis (9%),Kaggle Disease-Symptom Prediction public dataset (symptom_Description.csv / symptom_precaution.csv),2026-09-10
Paralysis (brain hemorrhage),,Neurological,"Intracerebral hemorrhage (ICH) is when blood suddenly bursts into brain tissue, causing damage to your brain. Symptoms usually appear suddenly during ICH. They include headache, weakness, confusion, and paralysis, particularly on one side of your body.","Altered Sensorium, Headache, Vomiting, Weakness Of One Body Side",4,massage; eat healthy; exercise; consult doctor,Not available as structured data in the current dataset (Future Scope: integrate epidemiological risk-factor dataset).,"Seek professional medical evaluation if symptoms are severe, persistent (beyond a few days), rapidly worsening, or accompanied by any red-flag symptom (e.g. severe breathing difficulty, chest pain, confusion, uncontrolled bleeding). This guidance is general and not a substitute for professional diagnosis.",(vertigo) Paroymsal  Positional Vertigo (25%); Malaria (20%); Typhoid (15%),Kaggle Disease-Symptom Prediction public dataset (symptom_Description.csv / symptom_precaution.csv),2026-09-10
Peptic ulcer diseae,,Gastrointestinal,"Peptic ulcer disease (PUD) is a break in the inner lining of the stomach, the first part of the small intestine, or sometimes the lower esophagus. An ulcer in the stomach is called a gastric ulcer, while one in the first part of the intestines is a duodenal ulcer.","Abdominal Pain, Indigestion, Internal Itching, Loss Of Appetite, Passage Of Gases, Vomiting",6,avoid fatty spicy food; consume probiotic food; eliminate milk; limit alcohol,Not available as structured data in the current dataset (Future Scope: integrate epidemiological risk-factor dataset).,"Seek professional medical evaluation if symptoms are severe, persistent (beyond a few days), rapidly worsening, or accompanied by any red-flag symptom (e.g. severe breathing difficulty, chest pain, confusion, uncontrolled bleeding). This guidance is general and not a substitute for professional diagnosis.",Chronic cholestasis (30%); Hepatitis D (25%); hepatitis A (21%),Kaggle Disease-Symptom Prediction public dataset (symptom_Description.csv / symptom_precaution.csv),2026-09-10
Pneumonia,,Respiratory,"Pneumonia is an infection in one or both lungs. Bacteria, viruses, and fungi cause it. The infection causes inflammation in the air sacs in your lungs, which are called alveoli. The alveoli fill with fluid or pus, making it difficult to breathe.","Breathlessness, Chest Pain, Chills, Cough, Fast Heart Rate, Fatigue, High Fever, Malaise",11,consult doctor; medication; rest; follow up,Not available as structured data in the current dataset (Future Scope: integrate epidemiological risk-factor dataset).,"Seek professional medical evaluation if symptoms are severe, persistent (beyond a few days), rapidly worsening, or accompanied by any red-flag symptom (e.g. severe breathing difficulty, chest pain, confusion, uncontrolled bleeding). This guidance is general and not a substitute for professional diagnosis.",Tuberculosis (50%); Common Cold (33%); Bronchial Asthma (31%),Kaggle Disease-Symptom Prediction public dataset (symptom_Description.csv / symptom_precaution.csv),2026-09-10
Psoriasis,,Dermatological,"Psoriasis is a common skin disorder that forms thick, red, bumpy patches covered with silvery scales. They can pop up anywhere, but most appear on the scalp, elbows, knees, and lower back. Psoriasis can't be passed from person to person. It does sometimes happen in members of the same family.","Inflammatory Nails, Joint Pain, Silver Like Dusting, Skin Peeling, Skin Rash, Small Dents In Nails",6,wash hands with warm soapy water; stop bleeding using pressure; consult doctor; salt baths,Not available as structured data in the current dataset (Future Scope: integrate epidemiological risk-factor dataset).,"Seek professional medical evaluation if symptoms are severe, persistent (beyond a few days), rapidly worsening, or accompanied by any red-flag symptom (e.g. severe breathing difficulty, chest pain, confusion, uncontrolled bleeding). This guidance is general and not a substitute for professional diagnosis.",Acne (11%); Dengue (11%); Fungal infection (11%),Kaggle Disease-Symptom Prediction public dataset (symptom_Description.csv / symptom_precaution.csv),2026-09-10
Tuberculosis,,Respiratory,"Tuberculosis (TB) is an infectious disease usually caused by Mycobacterium tuberculosis (MTB) bacteria. Tuberculosis generally affects the lungs, but can also affect other parts of the body. Most infections show no symptoms, in which case it is known as latent tuberculosis.","Blood In Sputum, Breathlessness, Chest Pain, Chills, Cough, Fatigue, High Fever, Loss Of Appetite",16,cover mouth; consult doctor; medication; rest,Not available as structured data in the current dataset (Future Scope: integrate epidemiological risk-factor dataset).,"Seek professional medical evaluation if symptoms are severe, persistent (beyond a few days), rapidly worsening, or accompanied by any red-flag symptom (e.g. severe breathing difficulty, chest pain, confusion, uncontrolled bleeding). This guidance is general and not a substitute for professional diagnosis.",Pneumonia (50%); Common Cold (32%); Chicken pox (29%),Kaggle Disease-Symptom Prediction public dataset (symptom_Description.csv / symptom_precaution.csv),2026-09-10
Typhoid,,Infectious Disease,"An acute illness characterized by fever caused by infection with the bacterium Salmonella typhi. Typhoid fever has an insidious onset, with fever, headache, constipation, malaise, chills, and muscle pain. Diarrhea is uncommon, and vomiting is not usually severe.","Abdominal Pain, Belly Pain, Chills, Constipation, Diarrhoea, Fatigue, Headache, High Fever",11,eat high calorie vegitables; antiboitic therapy; consult doctor; medication,Not available as structured data in the current dataset (Future Scope: integrate epidemiological risk-factor dataset).,"Seek professional medical evaluation if symptoms are severe, persistent (beyond a few days), rapidly worsening, or accompanied by any red-flag symptom (e.g. severe breathing difficulty, chest pain, confusion, uncontrolled bleeding). This guidance is general and not a substitute for professional diagnosis.",Malaria (46%); Dengue (32%); Jaundice (27%),Kaggle Disease-Symptom Prediction public dataset (symptom_Description.csv / symptom_precaution.csv),2026-09-10
Urinary tract infection,,Renal / Urinary,"Urinary tract infection: An infection of the kidney, ureter, bladder, or urethra. Abbreviated UTI. Not everyone with a UTI has symptoms, but common symptoms include a frequent urge to urinate and pain or burning when urinating.","Bladder Discomfort, Burning Micturition, Continuous Feel Of Urine, Foul Smell Ofurine",4,drink plenty of water; increase vitamin c intake; drink cranberry juice; take probiotics,Not available as structured data in the current dataset (Future Scope: integrate epidemiological risk-factor dataset).,"Seek professional medical evaluation if symptoms are severe, persistent (beyond a few days), rapidly worsening, or accompanied by any red-flag symptom (e.g. severe breathing difficulty, chest pain, confusion, uncontrolled bleeding). This guidance is general and not a substitute for professional diagnosis.",Drug Reaction (12%),Kaggle Disease-Symptom Prediction public dataset (symptom_Description.csv / symptom_precaution.csv),2026-09-10
Varicose veins,,Cardiovascular,"A vein that has enlarged and twisted, often appearing as a bulging, blue blood vessel that is clearly visible through the skin. Varicose veins are most common in older adults, particularly women, and occur especially on the legs.","Bruising, Cramps, Fatigue, Obesity, Prominent Veins On Calf, Swollen Blood Vessels, Swollen Legs",7,lie down flat and raise the leg high; use oinments; use vein compression; dont stand still for long,Not available as structured data in the current dataset (Future Scope: integrate epidemiological risk-factor dataset).,"Seek professional medical evaluation if symptoms are severe, persistent (beyond a few days), rapidly worsening, or accompanied by any red-flag symptom (e.g. severe breathing difficulty, chest pain, confusion, uncontrolled bleeding). This guidance is general and not a substitute for professional diagnosis.",Diabetes (13%); Bronchial Asthma (8%); Hepatitis C (8%),Kaggle Disease-Symptom Prediction public dataset (symptom_Description.csv / symptom_precaution.csv),2026-09-10
hepatitis A,,Hepatobiliary,Hepatitis A is a highly contagious liver infection caused by the hepatitis A virus. The virus is one of several types of hepatitis viruses that cause inflammation and affect your liver's ability to function.,"Abdominal Pain, Dark Urine, Diarrhoea, Joint Pain, Loss Of Appetite, Mild Fever, Muscle Pain, Nausea",11,Consult nearest hospital; wash hands through; avoid fatty spicy food; medication,Not available as structured data in the current dataset (Future Scope: integrate epidemiological risk-factor dataset).,"Seek professional medical evaluation if symptoms are severe, persistent (beyond a few days), rapidly worsening, or accompanied by any red-flag symptom (e.g. severe breathing difficulty, chest pain, confusion, uncontrolled bleeding). This guidance is general and not a substitute for professional diagnosis.",Hepatitis D (67%); Chronic cholestasis (50%); Hepatitis E (50%),Kaggle Disease-Symptom Prediction public dataset (symptom_Description.csv / symptom_precaution.csv),2026-09-10
